"positionName","salary","jobType/0","jobType/1","jobType/2","company","location","rating","reviewsCount","url","companyInfo"
"Senior Data Analyst",,"Internship",,,"Moniepoint","Bengaluru, Karnataka","3.9","12","https://in.indeed.com/viewjob?jk=ea653114bab6f2eb",
"Technical Analyst",,"Full-time",,,"Johnson Controls","Pune, Maharashtra","3.6","8743","https://in.indeed.com/viewjob?jk=286a6bffb1357e60",
"Business Intelligence Senior Specialist",,,,,"NTT Ltd","Bengaluru, Karnataka","3.5","4924","https://in.indeed.com/viewjob?jk=ab984344f6492d8e",
"Data Analyst (f/m/d)",,"Permanent","Full-time",,"Siemens Healthineers","Bengaluru, Karnataka","3.8","524","https://in.indeed.com/viewjob?jk=60fd406747e48edf",
"Business Analyst I, EU INTech",,"Full-time",,,"ADCI HYD 13 SEZ","Hyderabad, Telangana","3.5","55623","https://in.indeed.com/viewjob?jk=4282815bc822f568",
"Data Analyst",,"Full-time",,,"Target","Bengaluru, Karnataka","3.5","81485","https://in.indeed.com/viewjob?jk=3420fc3bebf55f51",
"Data Analyst",,"Full-time",,,"WebMD","Navi Mumbai, Maharashtra","3.5","265","https://in.indeed.com/viewjob?jk=916f77d245e1b0e6",
"Data & Analytics Analyst","₹45,840 - ₹68,760 a year","Permanent","Full-time",,"National Westminster Bank PLC","Chennai, Tamil Nadu","3.7","1181","https://in.indeed.com/viewjob?jk=f8cb8ce12be58ff9",
"Business Systems Analyst",,"Full-time",,,"Trimble","Chennai, Tamil Nadu","3.7","352","https://in.indeed.com/viewjob?jk=2a09ee388bcce52f",
"Business Analyst","₹2,50,000 - ₹6,00,000 a year","Full-time",,,"Geany Softech Private Limited","Thane District, Maharashtra","0","0","https://in.indeed.com/viewjob?jk=05725fc2bb3596a4",
"Technical Business Analyst",,"Full-time",,,"Advantal Technologies","Gurugram, Haryana","0","0","https://in.indeed.com/viewjob?jk=1a0b25df09ceea4c",
"Business Intel Engineer I, IN FC Analytics",,"Full-time",,,"ASSPL - Karnataka","Bengaluru, Karnataka","3.5","55623","https://in.indeed.com/viewjob?jk=5e13ac5772444f34",
"Data Analyst Global Customer Ops",,,,,"PerkinElmer","Thane District, Maharashtra","3.6","482","https://in.indeed.com/viewjob?jk=7aa5aade28a96946",
"Data Analyst",,"Full-time",,,"Ubisoft","Pune, Maharashtra","3.7","443","https://in.indeed.com/viewjob?jk=93b33c3b29904fbe",
"Sr. MIS Executive","₹22,000 - ₹25,000 a month","Full-time",,,"Minu Fashions","Kolkata, West Bengal","0","0","https://in.indeed.com/viewjob?jk=bc3f4ee4c74fa221",
"MIS Executive","₹10,000 - ₹22,000 a month","Full-time",,,"Sanjeevani Agrofoods Pvt. Ltd.","Dehradun, Uttarakhand","0","0","https://in.indeed.com/viewjob?jk=7c156d9527d62393",
"Master Data Analyst (Retail/FMCG)","₹40,000 - ₹50,000 a month","Full-time",,,"Career Bloc","Mumbai, Maharashtra","0","0","https://in.indeed.com/viewjob?jk=d942a6ffb3ad120e",
"Data Analyst",,"Full-time",,,"Shalom World TV","India","0","0","https://in.indeed.com/viewjob?jk=8c152c89e94a8d55",
"Data Analyst",,"Full-time",,,"Endress+Hauser Liquid Analysis India","Maharashtra","0","0","https://in.indeed.com/viewjob?jk=98e46ab12dfd10bb",
"Data Research Analyst - Coimbatore only","₹2,00,000 - ₹2,50,000 a year","Full-time",,,"Tecstellar Solutions, LLP","Rs Puram, Coimbatore, Tamil Nadu","0","0","https://in.indeed.com/viewjob?jk=696cccd54f69a516",
"Lead Analyst - Quantitative & Risk Analytics 4C",,"Full-time",,,"Genpact India Pvt. Ltd.","Bengaluru, Karnataka","3.8","7883","https://in.indeed.com/viewjob?jk=f4293533bd841cb4",
"Data Analyst (D365 Transformation Program)",,,,,"BirlaSoft","Whitefield, Bengaluru, Karnataka","3.8","466","https://in.indeed.com/viewjob?jk=66133081e0ed26e6",
"MIS Executive","₹30,000 - ₹35,000 a month","Permanent","Full-time",,"Ozell Cooner Limited","Kirti Nagar, Delhi, Delhi","0","0","https://in.indeed.com/viewjob?jk=774ef8c7ece11be5",
"Data Research Analyst","₹2,00,000 - ₹3,00,000 a year","Permanent","Full-time",,"TECHTIC SOLUTION","Ahmedabad, Gujarat","0","0","https://in.indeed.com/viewjob?jk=4c5447bb61a77596",
"Analyst, Enterprise Metrics & Reporting",,,,,"Azurity Pharmaceuticals - India","Hyderabad, Telangana","0","0","https://in.indeed.com/viewjob?jk=84ee8d39980b7c8a",
"Business Analyst","₹20,000 - ₹40,000 a month","Full-time",,,"Technocrats Horizons Compusoft Pvt. Ltd.","Ludhiana, Punjab","0","0","https://in.indeed.com/viewjob?jk=3180044682349296",
"Data Quality / Metadata & Data Lineage Analyst",,"Full-time",,,"Citi","Bengaluru, Karnataka","3.9","20497","https://in.indeed.com/viewjob?jk=fb4358e6ffb1d6f2",
"Data Science Lead Analyst - HIH - Evernorth",,"Full-time",,,"The Cigna Group","Andhra Pradesh","3.6","5337","https://in.indeed.com/viewjob?jk=3b82356a5a823627",
"Data Senior Analyst",,"Full-time",,,"FedEx AMEA","Baner, Pune, Maharashtra","3.5","63315","https://in.indeed.com/viewjob?jk=02a283333ffadc70",
"Business Specialist",,,,,"HCLTech","Bengaluru, Karnataka","3.7","11369","https://in.indeed.com/viewjob?jk=596bc8a6c70b7924",
"Assistant Vice President Business Analytics",,"Full-time",,,"Citi","Bengaluru, Karnataka","3.9","20497","https://in.indeed.com/viewjob?jk=9e0b9e1866aaf878",
"Data Analyst","₹500 - ₹1,000 a day","Fresher","Full-time",,"Career Genics Private Limited","Hyderabad, Telangana","0","0","https://in.indeed.com/viewjob?jk=361dadf572af4bf1",
"Salesforce Business Analyst",,"Full-time",,,"Guidehouse","Chennai, Tamil Nadu","3.2","632","https://in.indeed.com/viewjob?jk=cdc0b8b5239b7245",
"Senior Data Analyst",,"Internship",,,"Moniepoint","Remote","3.9","12","https://in.indeed.com/viewjob?jk=57c94e5a6c61b902",
"Senior Business Analyst(Capital Market)",,"Full-time",,,"Genesis Global","Bengaluru, Karnataka","4","7","https://in.indeed.com/viewjob?jk=fd354002ee6096ab",
"Senior Associate - Data Analyst",,"Permanent","Full-time",,"Macquarie Group Limited","Gurugram, Haryana","3.8","315","https://in.indeed.com/viewjob?jk=1c690b0a42f6a006",
"MIS Analyst","₹2,00,000 - ₹6,00,000 a year","Permanent","Full-time",,"Techfacto","Chandigarh","0","0","https://in.indeed.com/viewjob?jk=721e3d5216f71fd1",
"Technical Business Analyst",,"Full-time",,,"UWorld, LLC","Hyderabad, Telangana","3.1","12","https://in.indeed.com/viewjob?jk=e86f76fe84e5ee2e",
"MIS Executive - Samanaickenpalayam (COIMBATORE)","₹15,000 - ₹25,000 a month","Full-time",,,"SREERAM SPHEROIDS & GRAPHITES PVT LTD","Coimbatore, Tamil Nadu","0","0","https://in.indeed.com/viewjob?jk=d8e70a588c4b9ac4",
"Junior Data Analyst","₹3,50,000 - ₹3,90,000 a year","Full-time",,,"Lean Kitchen Network Limited","Remote","0","0","https://in.indeed.com/viewjob?jk=9d21782b8e424ecf",
"Business Analyst (Financial Crime Servicing)","₹15 a day","Full-time",,,"GoTymeX","Hyderabad, Telangana","0","0","https://in.indeed.com/viewjob?jk=f91a2beaaefa91c4",
"Senior Finance Data Analyst",,"Full-time",,,"Taylor and Francis","Bengaluru, Karnataka","3.3","24","https://in.indeed.com/viewjob?jk=3100d837a72978ba",
"Business Analyst",,,,,"HCLTech","Bengaluru, Karnataka","3.7","11369","https://in.indeed.com/viewjob?jk=c5afcabbad57e037",
"Lead Analyst - Business Data Services 4C",,"Full-time",,,"Genpact India Pvt. Ltd.","Noida, Uttar Pradesh","3.8","7883","https://in.indeed.com/viewjob?jk=165a2d85221617db",
"Capabilities & Insights Analytics Analyst - Revenue Excellence",,,,,"McKinsey & Company","Gurugram, Haryana","4.2","946","https://in.indeed.com/viewjob?jk=c4a4bc0bfd6d111a",
"QAD ERP Sr. Business Analyst",,,,,"ASSA ABLOY","Chennai, Tamil Nadu","3.4","963","https://in.indeed.com/viewjob?jk=10151ab5d53240e0",
"Analyst",,,,,"Eclerx","Mumbai, Maharashtra","3.6","1244","https://in.indeed.com/viewjob?jk=d9783b0e35b9c155",
"MIS Executive","₹20,000 - ₹25,000 a month","Full-time",,,"CEOITBOX","Greater Kailash, Delhi","0","0","https://in.indeed.com/viewjob?jk=92385a80869276e1",
"Sr. Fraud Strategy Data Analyst",,"Full-time",,,"Rippling","Bengaluru, Karnataka","2.2","17","https://in.indeed.com/viewjob?jk=78dbe7f76b0faf36",
"MIS Executive","₹10,000 - ₹12,000 a month","Fresher","Full-time",,"Pratyancha Management Services Private Limited","Lucknow, Uttar Pradesh","0","0","https://in.indeed.com/viewjob?jk=d762e997671ccac3",
"Senior Business Intelligence, Data Analytics & Automation Specialist",,,,,"Ford Motor Company","Chennai, Tamil Nadu","4","9760","https://in.indeed.com/viewjob?jk=90876a3c0fb0edd5",
"Business Analyst","₹25,000 - ₹40,000 a year","Full-time",,,"Kotak Education Foundation, Chembur(Deonar)","India","0","0","https://in.indeed.com/viewjob?jk=855234f2ca52c57d",
"Technical Analyst – Projects and Tech Enablement",,"Full-time",,,"Mondelēz International","Mumbai, Maharashtra","3.9","6105","https://in.indeed.com/viewjob?jk=eaa6887be3525e75",
"Lead Associate - Data Analyst",,"Full-time",,,"Myntra","Bengaluru, Karnataka","4.2","290","https://in.indeed.com/viewjob?jk=528e1bcf4299ae5c",
"Executive Data Analyst","₹18,000 - ₹30,000 a month","Permanent","Full-time",,"GRAIN ‘N’ GRACE FOOD INGREDIENTS MANUFACTURING PVT. LTD.","Muvattupuzha, Kerala","0","0","https://in.indeed.com/viewjob?jk=7cce76ac0b97bc9e",
"MIS Executive","₹21,000 - ₹25,000 a month","Full-time",,,"Eagle Network Supply private Limited","Ghitorni, Delhi, Delhi","0","0","https://in.indeed.com/viewjob?jk=445ac35c1f10f9a6",
"Senior Analyst-Data Science",,"Full-time",,,"American Express","Gurugram, Haryana","4.1","9669","https://in.indeed.com/viewjob?jk=a0e2bae674a5f4bb",
"Senior Data Analyst",,"Full-time",,,"Optum","Noida, Uttar Pradesh","3.3","11707","https://in.indeed.com/viewjob?jk=fad348960bafe61c",
"Associate Analyst BSI Data Ops",,"Full-time",,,"Novartis","Hyderabad, Telangana","4.1","4421","https://in.indeed.com/viewjob?jk=0a68acc208ba1aea",
"MIS Executive","₹11,211.25 - ₹20,000.00 a month","Full-time",,,"R V TEX PVT LTD 9981039699","Jabalpur, Madhya Pradesh","0","0","https://in.indeed.com/viewjob?jk=e02609bee1f81bc0",
"Technical Business Analyst","₹4,25,490.16 - ₹9,32,493.34 a year","Full-time",,,"Advantal Technologies Ltd.","Gurgaon H.O, Gurugram, Haryana","0","0","https://in.indeed.com/viewjob?jk=2d3fc7fec1043422",
"MIS Executive","₹20,000 - ₹30,000 a month","Full-time",,,"Sangeetha Mobiles Pvt Ltd","Jayanagar, Bengaluru, Karnataka","3.6","43","https://in.indeed.com/viewjob?jk=53b85ac3c121ff1a",
"MIS Executive","₹12,000 - ₹15,000 a month","Full-time",,,"sarah vision","Kalbadevi, Mumbai, Maharashtra","0","0","https://in.indeed.com/viewjob?jk=d9b27df1efd2c5fd",
"Senior Analyst, Digital Analytics (L09)",,,,,"Synchrony","Hyderabad, Telangana","3.8","1343","https://in.indeed.com/viewjob?jk=50b0773fd7d38e18",
"Data Analyst 5B",,"Full-time",,,"Genpact India Pvt. Ltd.","Gurugram, Haryana","3.8","7883","https://in.indeed.com/viewjob?jk=1dacbfcbdc1ad105",
"Staff Business Analyst (Employer of Record)","₹27,71,295 - ₹40,64,566 a year","Full-time",,,"Credit Acceptance","Remote","3.5","539","https://in.indeed.com/viewjob?jk=8a7e923c9acafb2e",
"Business Analyst, Implementations",,,,,"EquiLend","Bengaluru, Karnataka","4","32","https://in.indeed.com/viewjob?jk=5dbefa49c1331cc2",
"Global People Analytics Analyst - Data Engineering",,"Full-time",,,"Boston Consulting Group","Gurugram, Haryana","4.2","535","https://in.indeed.com/viewjob?jk=9e12d33e31c9aee0",
"Analyst / Senior Analyst","₹6,00,000 - ₹11,00,000 a year","Full-time",,,"MarketsandMarkets","Pune, Maharashtra","3.4","82","https://in.indeed.com/viewjob?jk=86a3ea36b023b2e0",
"Business Analyst","₹8,00,000 - ₹10,00,000 a year","Full-time",,,"VETIC","Gurugram, Haryana","3","2","https://in.indeed.com/viewjob?jk=a6b4b8ae27a63d1d",
"Data Analyst","₹5,00,000 a year","Fresher","Full-time",,"Energine","Bengaluru, Karnataka","0","0","https://in.indeed.com/viewjob?jk=bf73a6938ac3896f",
"IT Business Analyst","₹2,00,000 - ₹5,00,000 a year","Full-time",,,"Olio Global AdTech LLP","Ghatkopar, Mumbai, Maharashtra","0","0","https://in.indeed.com/viewjob?jk=121d47a3ef748283",
"Senior Business Analyst(Capital Market)",,"Full-time",,,"Genesis Global","Bengaluru, Karnataka","4","7","https://in.indeed.com/viewjob?jk=b35dcc459bb5cc1e",
"MIS Executive","₹15,000 - ₹25,000 a month","Permanent","Full-time",,"ASCENT E-DIGIT SOLUTIONS PVT LTD","Chennai, Tamil Nadu","4","1","https://in.indeed.com/viewjob?jk=7f88494ec97cfbbf",
"Data Analytics with Power BI trainer","₹550 - ₹1,000 an hour","Freelance",,,"Netcraftz Edutech pvt lts","Kengeri, Bengaluru, Karnataka","0","0","https://in.indeed.com/viewjob?jk=bba6eaaf31f6522d",
"Power BI Data Analyst","₹9,00,000 - ₹12,00,000 a year","Contractual / Temporary",,,"Excel solution","Wadala, Mumbai, Maharashtra","0","0","https://in.indeed.com/viewjob?jk=f0cd74e185e36525",
"MIS Executive","₹25,000 - ₹30,000 a month","Full-time",,,"Mittal Distributors India","Shastri Nagar, Delhi, Delhi","0","0","https://in.indeed.com/viewjob?jk=db5472e3919ebc2b",
"Open Secret - Data Analyst","₹60,000 - ₹70,000 a month","Full-time",,,"Open Secret","Mumbai, Maharashtra","4.3","3","https://in.indeed.com/viewjob?jk=5669b5235b085bd9",
"MIS Executive","₹10,000 - ₹18,000 a month","Permanent","Full-time",,"Promark Advertising LLP","Kalikapur, Kolkata, West Bengal","5","1","https://in.indeed.com/viewjob?jk=c739fc3ee59c4e02",
"Sr. SAP Business Analyst (Retail)",,"Full-time",,,"Levi Strauss & Co.","Bengaluru, Karnataka","3.8","3678","https://in.indeed.com/viewjob?jk=ebc9733523e3df9d",
"Business Analyst","₹4,15,434.16 - ₹15,24,715.54 a year","Full-time",,,"SandV Capitals Private Limited","Hyderabad, Telangana","0","0","https://in.indeed.com/viewjob?jk=6879f4c22b10826f",
"Insights Associate Analyst",,,,,"PepsiCo","Hyderabad, Telangana","3.7","21463","https://in.indeed.com/viewjob?jk=3fc7704a3c7df428",
"Business Analyst, Power Platform Specialist",,"Full-time",,,"Genpact India Pvt. Ltd.","Gurugram, Haryana","3.8","7883","https://in.indeed.com/viewjob?jk=a60a67282aa38e87",
"Business Analyst - Enterprise Programs 4B",,"Full-time",,,"Genpact India Pvt. Ltd.","Chennai, Tamil Nadu","3.8","7883","https://in.indeed.com/viewjob?jk=8a53ee1b9b4d60a3",
"Data Analyst / Power BI Trainer","₹550 - ₹650 an hour","Freelance",,,"Netcraftz","Kengeri, Bengaluru, Karnataka","4.7","3","https://in.indeed.com/viewjob?jk=a2c79a28091f4941",
"MIS Analyst","₹5,00,000 - ₹8,00,000 a year","Permanent","Full-time",,"RADCLIFFE SCHOOL","Sion, Mumbai, Maharashtra","0","0","https://in.indeed.com/viewjob?jk=c423de4f7071cbf9",
"Business Analyst, Product Cost Management",,"Full-time",,,"Genpact India Pvt. Ltd.","Mumbai, Maharashtra","3.8","7883","https://in.indeed.com/viewjob?jk=e05e1ccb7247e441",
"Business Analyst - Associate",,,,,"KG Information Systems","Coimbatore, Tamil Nadu","3.7","86","https://in.indeed.com/viewjob?jk=d048b1f0871847ba",
"Sales Operations Analyst",,,,,"Dolby","Mumbai, Maharashtra","4","113","https://in.indeed.com/viewjob?jk=080f9b239820624b",
"MIS Executive",,,,,"Infosearch BPO Services","Comprol, Goa","4.3","9","https://in.indeed.com/viewjob?jk=1a6d9833d2b1a337",
"Senior Analyst - Data Engineering",,"Permanent",,,"LatentView Analytics","Chennai, Tamil Nadu","3.8","50","https://in.indeed.com/viewjob?jk=dd87fdc05997183a",
"Lead, ERP Business Analyst",,"Full-time",,,"Schneider Electric","Bengaluru, Karnataka","3.9","6000","https://in.indeed.com/viewjob?jk=123b5dfebdd841bb",
"Senior Data Analyst IN",,"Full-time",,,"DAZN","Hyderabad, Telangana","3.3","46","https://in.indeed.com/viewjob?jk=75696f862f3b3200",
"IN_Senior Associate_Business Analyst_FS Tech_Advisory_Mumbai",,"Full-time",,,"PwC","Shivaji Park, Mumbai, Maharashtra","3.9","10380","https://in.indeed.com/viewjob?jk=d3fadce7f04b9f66",
"ISC Data Analyst",,"Full-time",,,"Rockwell Automation","Bengaluru, Karnataka","3.9","1460","https://in.indeed.com/viewjob?jk=05120ec268ad264e",
"Business Analyst I",,"Full-time",,,"ICON Plc","Chennai, Tamil Nadu","3.4","1358","https://in.indeed.com/viewjob?jk=0a4e51a911c3a1af",
"Senior Data Analyst",,"Full-time",,,"Ameriprise India","Gurugram, Haryana","3.7","1638","https://in.indeed.com/viewjob?jk=15f167943cdbfaf1",
"Asset & Wealth Management - Data Analytics & Reporting- Analyst - Bengaluru",,,,,"Goldman Sachs","Bengaluru, Karnataka","3.9","2311","https://in.indeed.com/viewjob?jk=d02d80dfccf030ab",
"Analyst II, Data Science (R-19484)",,"Full-time",,,"Dun & Bradstreet","Chennai, Tamil Nadu","3.7","858","https://in.indeed.com/viewjob?jk=a02a4db00c57352b",
"Associate Analyst, Data Science",,"Full-time",,,"Novartis","Hyderabad, Telangana","4.1","4421","https://in.indeed.com/viewjob?jk=b5b535f3d8f03342",
"BUSINESS ANALYST L4(CONTRACT)",,,,,"Wipro Limited","Bengaluru, Karnataka","3.8","17015","https://in.indeed.com/viewjob?jk=7a04c452c827e23b",
"MIS Executive International.","₹18,000 - ₹25,000 a month","Full-time",,,"Radiant Job","Thane District, Maharashtra","0","0","https://in.indeed.com/viewjob?jk=19c45ad0bc1c8ac0",
"Data Analyst","₹3,50,000 - ₹5,00,000 a year","Full-time",,,"X9 Cyber Security & IT Services","New Delhi District, Delhi","0","0","https://in.indeed.com/viewjob?jk=8fd41f6b41c1f7dc",
"Associate Analyst - Master Data Management-2",,"Full-time",,,"Novartis","Hyderabad, Telangana","4.1","4421","https://in.indeed.com/viewjob?jk=0afe1c1a332ae556",
"MIS Executive/ Data analyst","₹25,000.00 - ₹31,529.96 a month","Full-time",,,"Dustech Engineers Pvt LTD","Faridabad, Haryana","0","0","https://in.indeed.com/viewjob?jk=3099d6cfd7acd0b5",
"Business Analyst",,"Contractual / Temporary",,,"Enfycon INC","Mumbai District, Maharashtra","0","0","https://in.indeed.com/viewjob?jk=ac3fc4178a237f02",
"MIS Executive","₹11,000 - ₹12,500 a month","Full-time",,,"Children of India Foundation","Kovilpalayam, Coimbatore, Tamil Nadu","0","0","https://in.indeed.com/viewjob?jk=345dbda556903bde",
"Senior Business Analyst – HIS / EMR Implementation",,"Contractual / Temporary",,,"Enfycon India Private Limited","Mumbai, Maharashtra","0","0","https://in.indeed.com/viewjob?jk=e636ba8c730dbf8b",
"Business Analyst","₹5,00,000 - ₹8,00,000 a year","Full-time",,,"Stackera.io","Pune, Maharashtra","0","0","https://in.indeed.com/viewjob?jk=39c55d5287f5190c",
"Business Analyst – HIS / EMR Implementation",,"Contractual / Temporary",,,"Enfycon India Private Limited","Mumbai, Maharashtra","0","0","https://in.indeed.com/viewjob?jk=eb054ccdf873d91a",
"Data Analyst",,"Full-time",,,"BIGSHIP","Dehradun, Uttarakhand","1","1","https://in.indeed.com/viewjob?jk=6d558b582f75d4b0",
"Business Analyst","₹15,000 - ₹25,000 a month","Full-time",,,"Veryberry ventures pvt ltd","Zirakpur, Punjab","0","0","https://in.indeed.com/viewjob?jk=9dbf2c45184462d2",
"Intellectual Property Analyst - Technology and Insights",,"Full-time",,,"Bosch Group","Bengaluru, Karnataka","4","7503","https://in.indeed.com/viewjob?jk=9cc299ac78f5eb08",
"Data Analyst","₹3,00,000 - ₹6,00,000 a year","Full-time",,,"Accusolution","Mumbai, Maharashtra","0","0","https://in.indeed.com/viewjob?jk=7ab0870ec072d54b",
"Data Analyst",,"Permanent","Full-time",,"CGI","Mumbai, Maharashtra","3.5","4112","https://in.indeed.com/viewjob?jk=7df982a44a085adb",
"MIS Executive – Google Apps Script","₹25,000 - ₹35,000 a month","Permanent","Full-time",,"le fabco pvt ltd","Delhi, Delhi","0","0","https://in.indeed.com/viewjob?jk=55d6efc567116c44",
"Business Data Analyst","₹3,00,000 - ₹4,20,000 a year","Full-time",,,"Trip Machine Company","Gurugram, Haryana","3","1","https://in.indeed.com/viewjob?jk=33620c3184bd8b70",
"Business Analyst",,"Permanent","Full-time",,"CGI","Mumbai, Maharashtra","3.5","4112","https://in.indeed.com/viewjob?jk=f46f7ad2eeb00680",
"Solution Delivery Analyst - McKinsey Transformations",,,,,"McKinsey & Company","Gurugram, Haryana","4.2","946","https://in.indeed.com/viewjob?jk=a0401bf51cdf5070",
"Data Analyst Educator","₹25,000 - ₹45,000 a month","Part-time","Contractual / Temporary",,"Magnet Brains Software Technology Pvt. Ltd","Gandhi Nagar, Bhopal, Madhya Pradesh","4.7","6","https://in.indeed.com/viewjob?jk=e0d00fdef88b023e",
"Senior Data Analyst and Power BI Expert",,"Full-time",,,"Nextpower","Hyderabad, Telangana","5","1","https://in.indeed.com/viewjob?jk=6a16b8f9164c4356",
"Business Analyst",,,,,"QualityKiosk Technologies","Navi Mumbai, Maharashtra","3.3","114","https://in.indeed.com/viewjob?jk=2b98116618e1a861",
"Product Analyst, Tech Platform & Data",,,,,"Ocrolus","Remote","0","0","https://in.indeed.com/viewjob?jk=526fe41568cec1e6",
"Senior Business Systems Analyst",,,,,"Envestnet Asset Management, Inc","Thiruvananthapuram, Kerala","4.1","27","https://in.indeed.com/viewjob?jk=119e8e0f86cd443b",
"Lead Data Analyst",,"Full-time",,,"GCC India","Hyderabad, Telangana","0","0","https://in.indeed.com/viewjob?jk=dbca91e2cf507fb5",
"Analyst - Data Analytics",,"Full-time",,,"American Express","Gurugram, Haryana","4.1","9669","https://in.indeed.com/viewjob?jk=0e4a30fe06842ed6",
"Senior Associate | Engineering, AI & Data - Engineering | Data Analyst",,,,,"Deloitte","Bengaluru, Karnataka","3.9","14270","https://in.indeed.com/viewjob?jk=bc4abddd828694e9",
"Business Analyst","₹90,000 - ₹1,20,000 a month","Contractual / Temporary",,,"Cito Techno","Bengaluru, Karnataka","0","0","https://in.indeed.com/viewjob?jk=143693d7b7bcc005",
"MIS BUDGETING EXECUTIVE","₹25,000 - ₹40,000 a month","Permanent","Full-time",,"CD INFOTECH PVT. LTD","Prabhadevi, Mumbai, Maharashtra","4.5","4","https://in.indeed.com/viewjob?jk=377b45a800d397e4",
"Junior Data Analyst","₹20,000.00 - ₹30,013.08 a month","Permanent","Fresher","Full-time","Heat and control south asia pvt ltd","Chennai, Tamil Nadu","5","1","https://in.indeed.com/viewjob?jk=902afb90b05a7dce",
"Business Analyst – ADM Ref No: IBMFG2JP00015728","₹8,00,000 - ₹10,00,000 a year","Full-time",,,"Clock Edge Technologies Pvt Lt","Bengaluru, Karnataka","0","0","https://in.indeed.com/viewjob?jk=5805083d477e01df",
"Business Analyst – ADM Ref No: IBMFG2JP00015864","₹8,00,000 - ₹10,00,000 a year","Full-time",,,"Clock Edge Technologies Pvt Lt","Bangalore City, Bengaluru, Karnataka","0","0","https://in.indeed.com/viewjob?jk=db9c6913cd436877",
"Data Analyst (Insurance Domain)","₹25,00,000 - ₹30,00,000 a year","Permanent","Full-time",,"Dinero Solutions","Gurugram, Haryana","0","0","https://in.indeed.com/viewjob?jk=7305643688890ce9",
"Data Analyst","₹3,05,285.03 - ₹4,80,000.00 a year","Full-time",,,"TrucksUp Solutions Private Limited","Gurugram, Haryana","0","0","https://in.indeed.com/viewjob?jk=df1ce0cb857cc4ff",
"Data Analyst",,"Full-time",,,"ixigo","Bengaluru, Karnataka","4.8","4","https://in.indeed.com/viewjob?jk=cbb4ed6ac55ba4be",
"Data Analyst","₹30,000 - ₹45,000 a month","Permanent","Full-time",,"Npowa Solutions Private Limited","Mangalore, Karnataka","0","0","https://in.indeed.com/viewjob?jk=47806b63e2bb493e",
"MIS Specialist","₹25,000 - ₹40,000 a month","Full-time",,,"CIMERO Activewear LLP","Delhi, Delhi","0","0","https://in.indeed.com/viewjob?jk=b749714ec87a9859",
"Implementation Analyst â€“ Customer Intelligence",,"Full-time",,,"Zithara.AI","Hyderabad, Telangana","0","0","https://in.indeed.com/viewjob?jk=845a50e1b9a7ce69",
"MIS Executive","₹10,000 - ₹13,000 a month","Permanent","Full-time",,"Gathbandhan Matrimony Pvt Ltd","Salt Lake City, West Bengal","0","0","https://in.indeed.com/viewjob?jk=ee6d2157d6376cd8",
"Business Technical Analyst",,"Permanent","Full-time",,"Rytsense Technologies","Chennai, Tamil Nadu","0","0","https://in.indeed.com/viewjob?jk=f7852a93a4b5f9cb",
"MIS","₹10,000 - ₹25,000 a month","Full-time",,,"BG Insurance Brokers Pvt Ltd","Amritsar, Punjab","0","0","https://in.indeed.com/viewjob?jk=2013e332ce615184",
"MIS Executive","₹15,000.00 - ₹27,082.05 a month","Full-time",,,"AMS COMTEL BPMS PVT.LTD","Salt Lake, Kolkata, West Bengal","0","0","https://in.indeed.com/viewjob?jk=c83cc30f0be08b2e",
"Senior Data Analyst",,"Full-time",,,"Route Mobile","Mumbai, Maharashtra","0","0","https://in.indeed.com/viewjob?jk=3fa84a17f6327590",
"Employee Experience Data & UX Insights Analyst",,"Permanent","Full-time",,"Siemens","Pune, Maharashtra","4","11415","https://in.indeed.com/viewjob?jk=9b53d024dbaa0420",
"Senior Data Analyst",,,,,"JLL","Bengaluru, Karnataka","3.6","3850","https://in.indeed.com/viewjob?jk=60bf5905f4d1fdf3",
"Asia Pacific Regulatory Reporting- Business Analyst",,"Full-time",,,"JPMorganChase","Mumbai, Maharashtra","3.9","20380","https://in.indeed.com/viewjob?jk=088ef335569688a3",
"Analytics and Modeling Analyst",,"Full-time",,,"Accenture","Gurugram, Haryana","3.9","28654","https://in.indeed.com/viewjob?jk=13a5d695ac2d3842",
"Analyst Data Governance & Management",,"Full-time",,,"American Express","Bengaluru, Karnataka","4.1","9669","https://in.indeed.com/viewjob?jk=a3737f0406c313c4",
"Data Visualization Sr. Analyst",,"Full-time",,,"Accenture","Kochi, Kerala","3.9","28654","https://in.indeed.com/viewjob?jk=57b3d7987822cbca",
"Workforce Analyst - Data Analytics",,"Full-time",,,"JPMorganChase","Mumbai, Maharashtra","3.9","20380","https://in.indeed.com/viewjob?jk=1db9114fcb8ff069",
"Business System Analyst - IT",,"Full-time",,,"Flex LTD","Pune, Maharashtra","3.9","5938","https://in.indeed.com/viewjob?jk=5d42225c0ca34536",
"Senior Data Product Management Consultant - – Workday Security Senior Analyst",,"Full-time",,,"Wells Fargo","Serilingampalle, Telangana","3.6","47716","https://in.indeed.com/viewjob?jk=022d94e6771172c8",
"RM&C - Reporting, Automation & Analytics — Analyst",,"Full-time",,,"JPMorganChase","Mumbai, Maharashtra","3.9","20380","https://in.indeed.com/viewjob?jk=4d804d4563052e05",
"Data Analyst",,"Full-time",,,"EXL Service","Bengaluru, Karnataka","3.7","1990","https://in.indeed.com/viewjob?jk=0f0614fad8d5ee22",
"Technical Analyst – Operations Delivery",,"Full-time",,,"Mondelēz International","Mumbai, Maharashtra","3.9","6105","https://in.indeed.com/viewjob?jk=816b5158c99d5669",
"Reconciliation Business Analyst",,"Permanent","Full-time",,"BNP Paribas","Karnataka","3.8","5125","https://in.indeed.com/viewjob?jk=9cf3be71009e2df3",
"Analytics Manager (CX analytics) – R01566789",,,,,"Brillio","Bengaluru, Karnataka","3.4","176","https://in.indeed.com/viewjob?jk=6a0470d49c8d7ad3",
"Indirect Tax Data Analyst - 2+ yrs/Python,SQL,Alteryx",,"Full-time",,,"Thomson Reuters","Bengaluru, Karnataka","3.9","4258","https://in.indeed.com/viewjob?jk=8fac00e953976ecd",
"Business Analyst I, DPWI, Selling Partner Services",,"Full-time",,,"ADCI - Karnataka - A66","Bengaluru, Karnataka","3.5","55623","https://in.indeed.com/viewjob?jk=6126458b958aeea6",
"Oracle Fusion Snr Business Systems Analyst",,"Full-time",,,"Equinix","Bengaluru, Karnataka","3.7","389","https://in.indeed.com/viewjob?jk=c83105f54f7513e8",
"Data Analyst (Mohali)","₹20,000 - ₹25,000 a month","Full-time",,,"Deepdive Media Pvt. Ltd.","Mohali, Punjab","5","1","https://in.indeed.com/viewjob?jk=5a058c299b93d7bd",
"Senior Data Analyst, IN",,"Permanent","Full-time",,"DAZN","Hyderabad, Telangana","3.3","46","https://in.indeed.com/viewjob?jk=3c32e125c0df0186",
"Senior Analyst, Big Data Analytics & Engineering",,"Full-time",,,"Mastercard","Pune, Maharashtra","4","842","https://in.indeed.com/viewjob?jk=843b593aa76a651c",
"Senior Data Engineering Analyst",,"Full-time",,,"Optum","Hyderabad, Telangana","3.3","11707","https://in.indeed.com/viewjob?jk=9756186923ca1f61",
"Medicaid Pricer Regulatory Analyst",,"Full-time",,,"Zelis","Telangana","2.1","236","https://in.indeed.com/viewjob?jk=4223216691d7b25e",
"MIS Analyst / Reporting Specialist",,"Full-time",,,"Cognizant","Bengaluru, Karnataka","3.8","17041","https://in.indeed.com/viewjob?jk=edd774d36dfb900e",
"MIS Executive","₹25,000 - ₹30,000 a month","Full-time",,,"Raniwala Jewellers Pvt.Ltd.","Bais Godam, Jaipur, Rajasthan","0","0","https://in.indeed.com/viewjob?jk=99e9dd6b74fd70fa",
"Senior Business Analyst - Sql & Payments",,"Permanent","Full-time",,"CGI","Bengaluru, Karnataka","3.5","4112","https://in.indeed.com/viewjob?jk=5431234a011b6ae2",
"BUSINESS ANALYST L3",,,,,"Wipro Limited","Chennai, Tamil Nadu","3.8","17015","https://in.indeed.com/viewjob?jk=946704a5821bee45",
"Analyst II - Data Analysis",,"Full-time",,,"Zelis","Telangana","2.1","236","https://in.indeed.com/viewjob?jk=8aef8320355ba539",
"Business Analyst",,"Full-time",,,"Cognizant","Bengaluru, Karnataka","3.8","17041","https://in.indeed.com/viewjob?jk=f675dd06bdf0b665",
"Data Analyst (SQL & Power BI)","₹6,00,000 - ₹10,00,000 a year","Permanent","Full-time",,"Purplenow","Bengaluru Rural District, Karnataka","0","0","https://in.indeed.com/viewjob?jk=3472eb4e35444647",
"Senior AI Analyst / Product/ Business","From ₹15,00,000 a year","Full-time",,,"Taglynk Careers Private Limited","Bengaluru, Karnataka","0","0","https://in.indeed.com/viewjob?jk=cac826815bbd1704",
"Data Analyst","₹20,000 - ₹30,000 a month","Full-time",,,"NextHire HR Solutions","Baddi, Himachal Pradesh","0","0","https://in.indeed.com/viewjob?jk=6a0faa9e6af6cf07",
"Business Analyst","₹5,00,000 - ₹8,00,000 a year","Full-time",,,"RNIT AI Solutions Limited","Guwahati, Assam","0","0","https://in.indeed.com/viewjob?jk=17ab9a60666737ff",
"Data Analyst",,"Permanent","Full-time",,"Applied Research Works","Kolkata, West Bengal","2.5","2","https://in.indeed.com/viewjob?jk=6e2307f79362105f",
"Finance Business Process Analyst",,,,,"Taboola","Gurugram, Haryana","3.4","17","https://in.indeed.com/viewjob?jk=c49deec642fa1fd6",
"Business Data Analyst","₹3,05,073.20 - ₹13,06,804.81 a year","Permanent","Part-time","Full-time","IFB APPLIANCES","Whitefield, Bengaluru, Karnataka","3.8","10","https://in.indeed.com/viewjob?jk=8740fc65e7efd09e",
"MIS Executive","₹20,000 - ₹23,000 a month","Permanent","Full-time",,"K.L.GROUP","Satgaon, Guwahati, Assam","0","0","https://in.indeed.com/viewjob?jk=f95981b6c51ac02b",
"Business Analyst - Master Data Management!",,"Full-time",,,"Genpact India Pvt. Ltd.","Bengaluru, Karnataka","3.8","7883","https://in.indeed.com/viewjob?jk=6727fe3c2e3fe040",
"Sr. Analyst - Process Analytics - SCM 4A",,"Full-time",,,"Genpact India Pvt. Ltd.","Bengaluru, Karnataka","3.8","7883","https://in.indeed.com/viewjob?jk=ebe38fdbbf80fc30",
"Senior Business Analyst",,,,,"Shri Vile Parle Kelavani Mandal","Mumbai, Maharashtra","4.2","6","https://in.indeed.com/viewjob?jk=82540a983ed46c22",
"Data Analyst - App Data",,"Full-time",,,"GreedyGame Media","India","0","0","https://in.indeed.com/viewjob?jk=31e8ffd572c5edaf",
"Data Analyst",,,,,"Shri Vile Parle Kelavani Mandal","Mumbai, Maharashtra","4.2","6","https://in.indeed.com/viewjob?jk=023bf2f66fcdb17e",
"Business Analyst (Content & Document Management / Infra)",,,,,"Gainwell Technologies","Bengaluru, Karnataka","2.6","362","https://in.indeed.com/viewjob?jk=813dd7dad99170f9",
"Construction Analyst [Candidates from Navi Mumbai & Thane to Kalyan]","₹16,000 - ₹18,000 a month","Full-time",,,"Biltrax Construction Data","Navi Mumbai, Maharashtra","0","0","https://in.indeed.com/viewjob?jk=258310b5279ea2e9",
"MIS Executive","₹25,000 - ₹30,000 a month","Full-time",,,"Shri Venkatesh Stock Broker Services India Pvt Ltd","Raipur, Chhattisgarh","0","0","https://in.indeed.com/viewjob?jk=d7c7a92d526c589c",
"Data Analyst","₹18,000 - ₹20,000 a month","Full-time",,,"SRI RAMACHANDRA HOSPITAL","Porur, Chennai, Tamil Nadu","4.1","14","https://in.indeed.com/viewjob?jk=952da9dccbdc8a74",
"MIS Executive","₹15,000 - ₹20,000 a month","Full-time",,,"Shree Ram Wood Industries","Yamunanagar, Haryana","0","0","https://in.indeed.com/viewjob?jk=22d4a442a8f972d8",
"Business Technical Analyst",,"Permanent","Full-time",,"Rytsense Technologies Private Limited","Chennai, Tamil Nadu","0","0","https://in.indeed.com/viewjob?jk=74bcdc25c21fed25",
"Consumer & Shop Insights Sr Analyst",,,,,"PepsiCo","Hyderabad, Telangana","3.7","21463","https://in.indeed.com/viewjob?jk=7a322a81b545b38e",
"MIS Executive","Up to ₹35,000 a month","Full-time",,,"NorthEast Talent Hub","Guwahati, Assam","0","0","https://in.indeed.com/viewjob?jk=3301e9ca58a2d81e",
"MIS Executive","₹17,000 - ₹20,000 a month","Full-time",,,"DUTTASON ENGINEERS","Sahanewal, Ludhiana, Punjab","0","0","https://in.indeed.com/viewjob?jk=ca3a0a8b3a017e29",
"Workday Reporting Analyst","₹70,000 - ₹90,000 a month","Full-time","Contractual / Temporary",,"Technology Next","Remote","2","1","https://in.indeed.com/viewjob?jk=46904a491c1ca186",
"Associate Analyst - Medical Insights and Analytics",,"Full-time",,,"Novartis","Hyderabad, Telangana","4.1","4421","https://in.indeed.com/viewjob?jk=d02c5661957d785e",
"Senior Analyst - Brand Analytics",,"Full-time",,,"AstraZeneca","Chennai, Tamil Nadu","4","2571","https://in.indeed.com/viewjob?jk=ec577ff30142dbce",
"Analyst - Business Data Services 5B",,"Full-time",,,"Genpact India Pvt. Ltd.","Bengaluru, Karnataka","3.8","7883","https://in.indeed.com/viewjob?jk=6dce942ee5c39784",
"Business Analyst","₹10,00,000 - ₹12,00,000 a year","Full-time",,,"Trantor Software Pvt. Ltd","Remote","3.8","18","https://in.indeed.com/viewjob?jk=03b11c351869195a",
"MIS Executive","₹3,00,000 - ₹4,00,000 a year","Permanent","Full-time",,"B u Bhandari Auto Pvt Ltd","Deccan, Pune, Maharashtra","0","0","https://in.indeed.com/viewjob?jk=88b048e8e8f3c2d4",
"Associate Analyst, Analytics",,"Full-time",,,"Novartis","Hyderabad, Telangana","4.1","4421","https://in.indeed.com/viewjob?jk=2204ba3dc7d2ecd5",
"Data Analyst (Consulting)",,"Full-time",,,"dss+","Gurugram, Haryana","4","7","https://in.indeed.com/viewjob?jk=39dc14bc34ccddb9",
"Business Systems Analyst",,,,,"NetApp","Bengaluru, Karnataka","4.1","833","https://in.indeed.com/viewjob?jk=c319ac05fa3aada1",
"Business Analyst (Reference Data)",,,,,"Gainwell Technologies","Bengaluru, Karnataka","2.6","362","https://in.indeed.com/viewjob?jk=7e07c98ca18240af",
"Business Analyst - Healthcare Reference",,,,,"Gainwell Technologies","Bengaluru, Karnataka","2.6","362","https://in.indeed.com/viewjob?jk=2c81b0851bc47382",
"Business Analyst",,"Full-time",,,"NautilusNext","Navi Mumbai, Maharashtra","0","0","https://in.indeed.com/viewjob?jk=f8c343c084af1ce3",
"Business Analyst - Content & Document Management (Infra)",,,,,"Gainwell Technologies","Bengaluru, Karnataka","2.6","362","https://in.indeed.com/viewjob?jk=185a8625afcf451c",
"Senior Data Analyst","₹21,30,750 a year",,,,"BMC Software","Pune, Maharashtra","4","434","https://in.indeed.com/viewjob?jk=c433ead8e80f9d64",
"Business Analyst - Assistant Manager",,"Full-time",,,"State Street","Bengaluru, Karnataka","3.4","2976","https://in.indeed.com/viewjob?jk=92a1d2021d550990",
"Associate Data Dictionary Analyst",,,,,"Comscore","Pune, Maharashtra","3.2","102","https://in.indeed.com/viewjob?jk=446f546fc428175a",
"Sr. Data Analyst",,"Full-time",,,"Simform","Ahmedabad, Gujarat","4.3","15","https://in.indeed.com/viewjob?jk=ed55461ab17df530",
"Risk Analyst (Project Controls, Data Centre Construction)",,"Permanent","Part-time","Full-time","Linesight","Hyderabad, Telangana","3.7","14","https://in.indeed.com/viewjob?jk=918efe8f73a75510",
"Technical Business Analyst II",,,,,"サイネオス・ヘルス","Madhapur, Hyderabad, Telangana","0","0","https://in.indeed.com/viewjob?jk=8d11466abfaeacad",
"Junior Business Analyst",,"Full-time",,,"IntelliSource Tech","Pune, Maharashtra","0","0","https://in.indeed.com/viewjob?jk=503c86111d1ca849",
"Business Analyst I",,,,,"Colruyt IT Consultancy India","Hyderabad, Telangana","3.4","5","https://in.indeed.com/viewjob?jk=47f59ff85966f728",
"Senior Business Analyst - Business Process Modelling",,,,,"HCLTech","Chennai, Tamil Nadu","3.7","11369","https://in.indeed.com/viewjob?jk=b8faf2806633e776",
"Analyst - Data Platform Engg.",,,,,"Nomura","Mumbai, Maharashtra","3.9","502","https://in.indeed.com/viewjob?jk=73e29ac2c77bd44a",
"Technical Business Analyst","From ₹5,00,000 a year","Permanent","Full-time",,"Brit Tech Services","Bengaluru, Karnataka","0","0","https://in.indeed.com/viewjob?jk=87545b09228182b5",
"Senior Specialist, IT Business Analyst",,"Full-time",,,"Entegris","Pune, Maharashtra","3.4","339","https://in.indeed.com/viewjob?jk=04bac4f6634140bf",
"Technical Business Analyst",,"Full-time",,,"Optimum Solutions","Bengaluru, Karnataka","3.6","59","https://in.indeed.com/viewjob?jk=da5eff3e895fe20a",
"Business Analyst (IC)",,"Full-time",,,"EXL Service","Noida, Uttar Pradesh","3.7","1990","https://in.indeed.com/viewjob?jk=162c72e93709d469",
"Business Analytics Analyst",,"Full-time",,,"Citi","Bengaluru, Karnataka","3.9","20497","https://in.indeed.com/viewjob?jk=f9440f0f0ca4b1a8",
"Reporting & Data Analyst",,,,,"HCLTech","Chennai, Tamil Nadu","3.7","11369","https://in.indeed.com/viewjob?jk=1c5e2b257f56d2a3",
"Associate Deal Desk Analyst",,,,,"Aeries Technology","Bengaluru, Karnataka","3.9","24","https://in.indeed.com/viewjob?jk=2d22bd1ff1c492ae",
"Senior Analyst - Business Services",,"Full-time",,,"Apex Group","Baner, Pune, Maharashtra","3.3","44","https://in.indeed.com/viewjob?jk=084f1d1db8702dd7",
"Senior Data Analyst",,,,,"Precision Medicine Group","Remote","3.3","8","https://in.indeed.com/viewjob?jk=cd52722df47e2032",
"Senior Associate - Data Analyst Performance System",,"Permanent",,,"Acuity Knowledge Partners","Kharadi, Pune, Maharashtra","3.6","45","https://in.indeed.com/viewjob?jk=c0832d196b0ff1d9",
"Data Analyst - Reliability",,"Full-time",,,"United Airlines","Gurugram, Haryana","3.9","4899","https://in.indeed.com/viewjob?jk=abec5f959fd00c52",
"Sr Analytics & Modeling Analyst",,,,,"Moody's","Bengaluru, Karnataka","3.6","588","https://in.indeed.com/viewjob?jk=914b301b0c16b036",
"Marketo Business System Analyst",,"Full-time",,,"Jade Global","Bengaluru, Karnataka","3.4","16","https://in.indeed.com/viewjob?jk=d7341d57284d6542",
"Business Analyst - Officer",,"Full-time",,,"State Street","Bengaluru, Karnataka","3.4","2976","https://in.indeed.com/viewjob?jk=0846c14d4fbb4025",
"Analytics and Modeling Analyst",,"Full-time",,,"Accenture","Bengaluru, Karnataka","3.9","28654","https://in.indeed.com/viewjob?jk=67a169c258f15803",
"AI Business Systems Analyst",,"Full-time",,,"QAD","Pune, Maharashtra","4.2","54","https://in.indeed.com/viewjob?jk=db510808a0db2c21",
"Guidewire Business Analyst - InsuranceNow",,"Full-time",,,"Zensar Technologies","India","3.8","739","https://in.indeed.com/viewjob?jk=f79c1818bd49ac25",
"Senior Data Governance Analyst II",,"Full-time",,,"MetLife","Hyderabad, Telangana","3.8","6337","https://in.indeed.com/viewjob?jk=4996b1fe155ccf40",
"Lead, ERP Business Analyst",,"Full-time",,,"Schneider Electric","Bengaluru, Karnataka","3.9","6000","https://in.indeed.com/viewjob?jk=2254bbda5f60e853",
"Data Analyst",,"Full-time",,,"Ecolab Inc.","Pune, Maharashtra","3.5","4285","https://in.indeed.com/viewjob?jk=22549db76329a919",
"Analyst - Distribution Data Stewardship",,"Full-time",,,"AllianceBernstein","Pune, Maharashtra","3.5","269","https://in.indeed.com/viewjob?jk=3b3e8d71664f46df",
"Sales Analyst - II, ISG",,"Full-time",,,"ADCI HYD 13 SEZ","Hyderabad, Telangana","3.5","55623","https://in.indeed.com/viewjob?jk=818130fe2efd3772",
"Business Analyst - Decision Platform, RBS",,"Full-time",,,"ADCI - BLR 14 SEZ","Bengaluru, Karnataka","3.5","55623","https://in.indeed.com/viewjob?jk=26acd1d9f401fd26",
"Operating Effectiveness Analyst",,"Full-time",,,"The Cigna Group","Bengaluru, Karnataka","3.6","5337","https://in.indeed.com/viewjob?jk=4a5b9aa121ef9d93",
"Business Analyst - Gurgaon, India",,,,,"Dentsply Sirona","Gurugram, Haryana","3.4","739","https://in.indeed.com/viewjob?jk=54adb0dcf4e05a03",
"Expert, ERP Business Analyst",,"Full-time",,,"Schneider Electric","Bengaluru, Karnataka","3.9","6000","https://in.indeed.com/viewjob?jk=612e1cc8044611d9",
"Business Analyst, RBS ARTS (Automation Reporting and Tech Sciences)",,"Full-time",,,"ADCI - BLR 14 SEZ - F07","Bengaluru, Karnataka","3.5","55623","https://in.indeed.com/viewjob?jk=d30bf780a2c8b615",
"Lead Business Analyst - Salesforce (with Media Domain)",,,,,"BirlaSoft","Noida, Uttar Pradesh","3.8","466","https://in.indeed.com/viewjob?jk=da3bb6c67bdf2cab",
"Data Analyst","₹20,000 - ₹25,000 a month","Full-time",,,"Rathinam Group of Institutions","Eachanari, Coimbatore, Tamil Nadu","0","0","https://in.indeed.com/viewjob?jk=ebf4388561e2e250",
"Business Analyst",,"Full-time",,,"FNZ","Gurugram, Haryana","3.3","84","https://in.indeed.com/viewjob?jk=8fc12e4fcee6a9d1",
"Senior Sales Operations Analyst",,"Full-time",,,"Cognex Corporation","Noida, Uttar Pradesh","3.6","77","https://in.indeed.com/viewjob?jk=4563b5c8be93591e",
"Senior Manager - Business System Analyst",,,,,"AxisMaxlife","Remote","4.1","831","https://in.indeed.com/viewjob?jk=8297bd3959c60177",
"Senior Business Analyst - Capital Markets",,"Full-time",,,"Delta Capita","Bengaluru, Karnataka","3","14","https://in.indeed.com/viewjob?jk=ce7e82108400c6a5",
"Data Analyst",,,,,"Cuculus GmbH","Bengaluru, Karnataka","2","1","https://in.indeed.com/viewjob?jk=4bed8cbabdd38cd0",
"Data Analyst","₹6,00,000 - ₹7,00,000 a year","Permanent","Full-time",,"IIT Kanpur Development Foundation","Kanpur, Uttar Pradesh","0","0","https://in.indeed.com/viewjob?jk=5ee5d9f626ba58b7",
"Revenue Operations Technical Analyst",,"Full-time",,,"Xactly Corporation","Bengaluru, Karnataka","3.6","27","https://in.indeed.com/viewjob?jk=e3d47402bdcd6542",
"Senior Business Analyst",,,,,"Narsee Monjee Institute of Management Studies (NMIMS)","Mumbai, Maharashtra","4.3","15","https://in.indeed.com/viewjob?jk=d0ff7a082b76b7a1",
"Senior Business Analyst",,,,,"HCLTech","Gautam Budh Nagar, Uttar Pradesh","3.7","11369","https://in.indeed.com/viewjob?jk=c83536ee93c2a52d",
"Data Analyst",,,,,"Narsee Monjee Institute of Management Studies (NMIMS)","Mumbai, Maharashtra","4.3","15","https://in.indeed.com/viewjob?jk=7ea6323aaa092538",
"Data Analyst",,,,,"Aeries Technology","Bengaluru, Karnataka","3.9","24","https://in.indeed.com/viewjob?jk=168f20118a981ad1",
"Business Analyst - Financials (Healthcare)",,,,,"Gainwell Technologies","Bengaluru, Karnataka","2.6","362","https://in.indeed.com/viewjob?jk=bdf1f43d2c560c57",
"Associate II - Business Analysis",,,,,"UST","Thiruvananthapuram, Kerala","3.7","1047","https://in.indeed.com/viewjob?jk=f65469dabece1bdd",
"Senior Analyst - Business Intelligence - S P","₹1,824 a day",,,,"Cigres Technologies","Bengaluru, Karnataka","0","0","https://in.indeed.com/viewjob?jk=6636282d3c2c7ba5",
"Platform Engineering- Controls & Enablement- Data Analytics & Reporting Analyst",,"Full-time",,,"GCC India","Hyderabad, Telangana","0","0","https://in.indeed.com/viewjob?jk=054565fb7a2a1d22",
"Business Analyst",,"Full-time",,,"Shell Energy","Bengaluru, Karnataka","3.6","98","https://in.indeed.com/viewjob?jk=8bf63e681e985df2",
"Senior Technical Analyst",,"Full-time",,,"Warner Bros. Discovery","Hyderabad, Telangana","3.9","1042","https://in.indeed.com/viewjob?jk=081d06ad80815361",
"SCM Data & Application Analyst",,,,,"BirlaSoft","Hinjawadi, Pune, Maharashtra","3.8","466","https://in.indeed.com/viewjob?jk=74e14461c8c6cd51",
"Payment Business Analyst",,,,,"NTT Ltd","Noida, Uttar Pradesh","3.5","4924","https://in.indeed.com/viewjob?jk=4ec06df3eb27172f",
"Technical Analyst – Future Tech and Exploratory Projects",,"Full-time",,,"Mondelēz International","Mumbai, Maharashtra","3.9","6105","https://in.indeed.com/viewjob?jk=fb4b2af492b46bf8",
"Data Analyst",,"Full-time",,,"Cisco Systems","Bengaluru, Karnataka","4.1","6650","https://in.indeed.com/viewjob?jk=59b42182103cfd6c",
"Business Analyst",,"Full-time",,,"Meegaan Consulting","Delhi, Delhi","0","0","https://in.indeed.com/viewjob?jk=5ed0eb1a8875fe5a",
"Manager - Business Intelligence and Insights Group",,,,,"AxisMaxlife","Remote","4.1","831","https://in.indeed.com/viewjob?jk=cbae827295fbc3e2",
"Staff data analyst",,"Full-time",,,"The Goodyear Tire & Rubber Co.","Hyderabad, Telangana","3.6","4520","https://in.indeed.com/viewjob?jk=26c434e6ec09704d",
"Business Analyst, Amazon Business 3P",,"Full-time",,,"ADCI HYD 13 SEZ","Hyderabad, Telangana","3.5","55623","https://in.indeed.com/viewjob?jk=7821df33c92ed1d0",
"Staff - IT Business Analysis",,,,,"StoneX Group","Pune, Maharashtra","3.4","118","https://in.indeed.com/viewjob?jk=914c157198e9d3be",
"Senior Analyst, Business Insights",,"Full-time",,,"Mastercard","Gurugram, Haryana","4","842","https://in.indeed.com/viewjob?jk=2c3d55529856e519",
"IT&D Senior Business Analyst, Innovation & Portfolio",,,,,"Reckitt","Hyderabad, Telangana","3.8","1614","https://in.indeed.com/viewjob?jk=7534cb40b090c938",
"Senior Analyst - POWER BI -Data Quality",,"Permanent","Contractual / Temporary",,"Société Générale","Bengaluru, Karnataka","3.8","3838","https://in.indeed.com/viewjob?jk=8b21d8dc972bef24",
"Technology Business Management Analyst, Supplier Collaboration",,,,,"Ralph Lauren","Bengaluru, Karnataka","3.8","3566","https://in.indeed.com/viewjob?jk=e451e5d2db143a10",
"Data & Record Governance Analyst",,"Permanent",,,"Barclays","Bengaluru, Karnataka","3.9","6921","https://in.indeed.com/viewjob?jk=c97a35418c6a1ca7",
"Business Analyst",,"Permanent",,,"Vistex Asia-Pacific Private Ltd.","Hyderabad, Telangana","0","0","https://in.indeed.com/viewjob?jk=3af93ed776193d0e",
"Data Analyst","₹1,00,000 - ₹1,40,000 a month","Full-time",,,"Ziventra","Gurugram, Haryana","0","0","https://in.indeed.com/viewjob?jk=f2bd1af085b64335",
"Buisness Analyst","₹2,00,000 - ₹4,00,000 a year","Permanent","Full-time",,"Kwill","Amritsar, Punjab","0","0","https://in.indeed.com/viewjob?jk=132f29df359e1259",
"MIS Executive","₹15,000 - ₹25,000 a month","Permanent","Full-time",,"Transways Realty","Kolkata, West Bengal","1","1","https://in.indeed.com/viewjob?jk=3463f831f27e86be",
"LoanIQ Technical Business Analyst",,,,,"Luxoft","Hyderabad, Telangana","4.4","670","https://in.indeed.com/viewjob?jk=bcc58af692d7def3",
"Senior LoanIQ Technical Business Analyst",,,,,"Luxoft","Hyderabad, Telangana","4.4","670","https://in.indeed.com/viewjob?jk=a6378372dec5271e",
"Lead/ Senior Analyst – Business Research/ Market Intelligence",,,,,"Roche","Hyderabad, Telangana","4.1","2699","https://in.indeed.com/viewjob?jk=835015ccad87fafe",
"Lead Data Analyst",,"Full-time",,,"U.S. Bank National Association","Chennai, Tamil Nadu","3.5","11629","https://in.indeed.com/viewjob?jk=e4b9979a47b65c76",
"Associate Business Analyst",,,,,"Novo Nordisk","Bengaluru, Karnataka","4.1","1185","https://in.indeed.com/viewjob?jk=a60c7b4e2a402858",
"Business Analyst",,"Full-time",,,"Shell","Bengaluru, Karnataka","3.9","10233","https://in.indeed.com/viewjob?jk=7d47d0f9dcf4559b",
"MIS Executive","₹20,000 - ₹28,000 a month","Full-time",,,"INDIRA INFRATECH PRIVATE LIMITED","Bathinda, Punjab","0","0","https://in.indeed.com/viewjob?jk=792fc413fd963637",
"Global Banking & Markets-FCO Analytics-Analyst- Bengaluru",,,,,"Goldman Sachs","Bengaluru, Karnataka","3.9","2311","https://in.indeed.com/viewjob?jk=82ab31aa5a6a8828",
"Senior Business Analyst - AI Solutions",,,,,"EPAM Systems, Inc.","Pune, Maharashtra","3.8","523","https://in.indeed.com/viewjob?jk=2f2d27a9bd9969b6",
"Advanced Business Analyst - Planning",,,,,"Novo Nordisk","Bengaluru, Karnataka","4.1","1185","https://in.indeed.com/viewjob?jk=69da0c9a3f4ec9db",
"Associate Business Analyst / Business Analyst",,,,,"Novo Nordisk","Bengaluru, Karnataka","4.1","1185","https://in.indeed.com/viewjob?jk=83712ca4b4ada322",
"Systems Analysis Senior Analyst - HIH - Evernorth",,"Full-time",,,"The Cigna Group","Andhra Pradesh","3.6","5337","https://in.indeed.com/viewjob?jk=b4939fb921e0403d",
"Lead Business Analyst - Life Insurance / Reinsurance",,,,,"EPAM Systems, Inc.","Bengaluru, Karnataka","3.8","523","https://in.indeed.com/viewjob?jk=847cd7c5c181baa5",
"Senior Business Analyst - AI",,,,,"EPAM Systems, Inc.","Coimbatore, Tamil Nadu","3.8","523","https://in.indeed.com/viewjob?jk=32d2ec856920403b",
"Senior Analyst (Data Center Design Expert)",,"Full-time",,,"Black & Veatch Family of Companies","Vikhroli, Mumbai, Maharashtra","3.7","778","https://in.indeed.com/viewjob?jk=2fec0ba291d56e99",
"Data Measurement & Reporting Analyst",,"Full-time",,,"The Cigna Group","Bengaluru, Karnataka","3.6","5337","https://in.indeed.com/viewjob?jk=b93922b70da02cb8",
"Lead Business Analyst",,"Full-time",,,"Carrier","Bengaluru, Karnataka","3.8","1575","https://in.indeed.com/viewjob?jk=e825bb154afb1f71",
"Business Analyst - SME Insti - Mumbai",,,,,"Aditya Birla Group","Maharashtra","4.1","532","https://in.indeed.com/viewjob?jk=4181f88652e5d7d9",
"Senior Reporting Analyst",,"Full-time",,,"EXL Service","Noida, Uttar Pradesh","3.7","1990","https://in.indeed.com/viewjob?jk=6741fe10e45007cb",
"BI Engineer II, Data Analytics, Global Data Analytics (GDA)",,"Full-time",,,"ADCI PNQ 13 SEZ - H81","Pune, Maharashtra","3.5","55623","https://in.indeed.com/viewjob?jk=41f8afa6817237f1",
